ID,Compound,CAS,Family,Boiling screen,NIST low (°C),NIST high (°C),Flash point (°C),FP relation,Fire evidence,Overall profile,Evidence flags,Next evidence need,Boiling source ID,Flash source ID,Supplier bp report,Flash-point method,Formula,Catalogue purity,Vapour-pressure lead,Vaporization heat lead
CF001,Cyclopentane,287-92-3,Hydrocarbon,PASS,48.95,49.55,-20,EQ,GHS Flam. Liq. 2,UNKNOWN,FLASH SOURCE DISAGREEMENT,"Set the application fire requirement first; electrical, compatibility and stability evidence remain unassessed.",CF001_nist,CF001_supplier,50 °C (lit.),closed cup; test standard not specified,C5H10,98%,Other / partial range,Located; not extracted
CF002,"2,2-Dimethylbutane",75-83-2,Hydrocarbon,PASS,49.65,49.85,-29,EQ,GHS Flam. Liq. 2,UNKNOWN,FLASH SOURCE DISAGREEMENT,"Set the application fire requirement first; electrical, compatibility and stability evidence remain unassessed.",CF002_nist,CF002_supplier,50 °C (lit.),closed cup; test standard not specified,C6H14,≥98.0%,Other / partial range,Located; not extracted
CF003,3-Methyl-1-pentene,760-20-3,Hydrocarbon,PASS,53.25,54.65,-27,EQ,GHS Flam. Liq. 2,UNKNOWN,,"Set the application fire requirement first; electrical, compatibility and stability evidence remain unassessed.",CF003_nist_retry,CF003_supplier,54 °C (lit.),closed cup; test standard not specified,C6H12,99%,Not located,Located; not extracted
CF004,4-Methyl-1-pentene,691-37-2,Hydrocarbon,PASS,53.55,54.15,-32,EQ,Supplier H225,UNKNOWN,,"Set the application fire requirement first; electrical, compatibility and stability evidence remain unassessed.",CF004_nist,CF004_supplier,53 °C,not specified in retrieved record,C6H12,>97.0%(GC),Not located,Located; not extracted
CF005,3-Methyl-1-pentyne,922-59-8,Hydrocarbon,FAIL,56.85,58.1,,UNKNOWN,UNKNOWN,FAIL,FLASH AND GHS NOT FOUND,Exclude from this normal-boiling profile; any pressure/profile change requires a separate screen.,CF005_nist_retry,UNKNOWN,Not retrieved,UNKNOWN,C6H10,95,Not located,Not located
CF006,"2,3-Pentadiene",591-96-8,Hydrocarbon,PASS,47.8,48.6,,UNKNOWN,UNKNOWN,UNKNOWN,FLASH AND GHS NOT FOUND; SUPPLIER NOT VERIFIED,Find a primary flash-point/SDS record and verify an actual supplier; do not infer safety from the missing data.,CF006_nist,UNKNOWN,Not retrieved,UNKNOWN,C5H8,Not retrieved,Other / partial range,Located; not extracted
CF007,"1,2-Pentadiene",591-95-7,Hydrocarbon,UNKNOWN,43.85,47.85,-37,EQ,Supplier H225,UNKNOWN,BOILING BOUNDARY OR CONFLICT,Resolve boiling-range evidence only if a credible application can accept the reported fire/hazard evidence.,CF007_nist,CF007_supplier,45 °C,not specified in retrieved record,C5H8,| >95.0%(GC),Other / partial range,Located; not extracted
CF008,Ethyl formate,109-94-4,Ester,PASS,52.85,54.85,-20,EQ,GHS Flam. Liq. 2,UNKNOWN,,"Set the application fire requirement first; electrical, compatibility and stability evidence remain unassessed.",CF008_nist,CF008_supplier,52-54 °C (lit.),closed cup; test standard not specified,C3H6O2,97%,Not located,Located; not extracted
CF009,Propanal,123-38-6,Aldehyde,PASS,46.85,50.85,-30,EQ,GHS Flam. Liq. 2,UNKNOWN,,"Set the application fire requirement first; electrical, compatibility and stability evidence remain unassessed.",CF009_nist,CF009_supplier,46-50 °C (lit.),closed cup; test standard not specified,C3H6O,97%,Not located,Located; not extracted
CF010,Acrolein,107-02-8,Aldehyde,UNKNOWN,26.85,86.85,-26.111111,EQ,NIOSH Class IB,UNKNOWN,BROAD NIST COMPILATION; POLYMERIZATION AND PEROXIDE WARNING; GHS NOT RETRIEVED,Resolve boiling-range evidence only if a credible application can accept the reported fire/hazard evidence.,CF010_nist,CF010_niosh,Not retrieved,not specified in NIOSH entry,C3H4O,Not retrieved,Other / partial range,Located; not extracted
CF011,Oxetane,503-30-0,Cyclic ether,PASS,46.75,50.05,-28,EQ,Supplier H225,UNKNOWN,BOILING SOURCES DIFFER WITHIN WINDOW; COLD INERT STORAGE LISTED,"Set the application fire requirement first; electrical, compatibility and stability evidence remain unassessed.",CF011_nist,CF011_supplier,50 °C,not specified in retrieved record,C3H6O,| >98.0%(GC)(qNMR),Not located,Located; not extracted
CF012,Ethyl isopropyl ether,625-54-7,Ether,UNKNOWN,52.85,95.75,-24,EQ,Supplier H225,UNKNOWN,BOILING SOURCE CONFLICT; COLD STORAGE LISTED,Resolve boiling-range evidence only if a credible application can accept the reported fire/hazard evidence.,CF012_nist,CF012_supplier,51 °C,not specified in retrieved record,C5H12O,| >98.0%(GC),Not located,Located; not extracted
CF013,"2,2-Dimethyloxirane",558-30-5,Epoxide,UNKNOWN,34.85,74.85,-32.5,EQ,GHS Flam. Liq. 2,UNKNOWN,BROAD NIST COMPILATION; SUPPLIER CARCINOGENICITY MUTAGENICITY CORROSIVITY FLAGS,Resolve boiling-range evidence only if a credible application can accept the reported fire/hazard evidence.,CF013_nist,CF013_supplier,50-51 °C (lit.),not specified in retrieved record,C4H8O,97%,Full 45–55°C range,Located; not extracted
CF014,"trans-2,3-Epoxybutane",21490-63-1,Epoxide,UNKNOWN,53.85,60,-27,EQ,GHS Flam. Liq. 2,UNKNOWN,BOILING SOURCE CONFLICT,Resolve boiling-range evidence only if a credible application can accept the reported fire/hazard evidence.,CF014_nist,CF014_supplier,54-55 °C (lit.),closed cup; test standard not specified,C4H8O,Not retrieved,Not located,Not located
CF015,Carbon disulfide,75-15-0,Sulfur compound,PASS,45.45,46.65,-30,EQ,GHS Flam. Liq. 2,UNKNOWN,,"Set the application fire requirement first; electrical, compatibility and stability evidence remain unassessed.",CF015_nist,CF015_supplier,46 °C (lit.),not specified in retrieved record,CS2,≥99.9% (GC),Full 45–55°C range,Located; not extracted
CF016,2-Propanethiol,75-33-2,Thiol,UNKNOWN,49.85,59.85,-31,EQ,GHS Flam. Liq. 2,UNKNOWN,BROAD NIST COMPILATION; SUPPLIER AQUATIC HAZARD FLAGS,Resolve boiling-range evidence only if a credible application can accept the reported fire/hazard evidence.,CF016_nist,CF016_supplier,52.6 °C/1013 hPa,not specified in retrieved record,C3H8S,≥98.0% (GC),Full 45–55°C range,Located; not extracted
CF017,n-Propylamine,107-10-8,Amine,PASS,46.85,50.85,-35,<,GHS Flam. Liq. 2,UNKNOWN,SUPPLIER ACUTE TOXICITY AND CORROSIVITY FLAGS,"Set the application fire requirement first; electrical, compatibility and stability evidence remain unassessed.",CF017_nist,CF017_supplier,48 °C (lit.),not specified in retrieved record,C3H9N,98%,Full 45–55°C range,Located; not extracted
CF018,"trans-1,2-Dichloroethylene",156-60-5,Chlorinated alkene,PASS,45.85,49.85,6,EQ,GHS Flam. Liq. 2,UNKNOWN,FLASH ABOVE ZERO BUT FLAMMABLE; FLASH SOURCE DISAGREEMENT; ALT SDS METHOD CONFLICT,Resolve flash-point method/source discrepancy; define the application fire requirement before any advance.,CF018_nist,CF018_supplier,48 °C (lit.),closed cup; test standard not specified,C2H2Cl2,98%,Full 45–55°C range,Located; not extracted
CF019,1-Chloropropane,540-54-5,Chlorinated alkane,PASS,45.85,47.85,-18,EQ,GHS Flam. Liq. 2,UNKNOWN,,"Set the application fire requirement first; electrical, compatibility and stability evidence remain unassessed.",CF019_nist,CF019_supplier,Not retrieved,not specified in retrieved record,C3H7Cl,≥98.0% (GC),Other / partial range,Located; not extracted
CF020,tert-Butyl chloride,507-20-0,Chlorinated alkane,PASS,50.05,51.85,-26,EQ,GHS Flam. Liq. 2,UNKNOWN,,"Set the application fire requirement first; electrical, compatibility and stability evidence remain unassessed.",CF020_nist,CF020_supplier,51-52 °C (lit.),closed cup; test standard not specified,C4H9Cl,99%,Other / partial range,Located; not extracted
CF021,Methyl tert-butyl ether,1634-04-4,Ether,UNKNOWN,54.85,55.25,-28,EQ,GHS Flam. Liq. 2,UNKNOWN,UPPER BOUNDARY,Resolve boiling-range evidence only if a credible application can accept the reported fire/hazard evidence.,CF021_nist,CF021_supplier,55-56 °C (lit.),closed cup; test standard not specified,C5H12O,99.8%,Not located,Located; not extracted
CF022,Diethylamine,109-89-7,Amine,UNKNOWN,54.75,56.35,-26,EQ,GHS Flam. Liq. 2,UNKNOWN,UPPER BOUNDARY,Resolve boiling-range evidence only if a credible application can accept the reported fire/hazard evidence.,CF022_nist,CF022_supplier,55 °C (lit.),closed cup; test standard not specified,C4H11N,98%,Full 45–55°C range,Located; not extracted
CF023,Aziridine,151-56-4,Cyclic amine,UNKNOWN,53.85,57.85,-11.111111,EQ,NIOSH Class IB,UNKNOWN,UPPER BOUNDARY; NIOSH POLYMERIZATION AND CARCINOGEN WARNING; GHS NOT RETRIEVED,Resolve boiling-range evidence only if a credible application can accept the reported fire/hazard evidence.,CF023_nist,CF023_niosh,Not retrieved,not specified in NIOSH entry,C2H5N,Not retrieved,Not located,Located; not extracted
CF024,Acetone,67-64-1,Ketone,FAIL,55.85,56.45,-17,EQ,GHS Flam. Liq. 2,FAIL,,Exclude from this normal-boiling profile; any pressure/profile change requires a separate screen.,CF024_nist,CF024_supplier,56 °C/760 mmHg (lit.),closed cup; test standard not specified,C3H6O,≥99.5%,Full 45–55°C range,Located; not extracted
CF025,Methyl acetate,79-20-9,Ester,FAIL,55.95,57.75,-13,EQ,GHS Flam. Liq. 2,FAIL,,Exclude from this normal-boiling profile; any pressure/profile change requires a separate screen.,CF025_nist,CF025_supplier,57-58 °C (lit.),closed cup; test standard not specified,C3H6O2,99.5%,Full 45–55°C range,Located; not extracted
CF026,Cyclopentene,142-29-0,Hydrocarbon,UNKNOWN,41.85,45.85,-34.4,EQ,GHS Flam. Liq. 2,UNKNOWN,LOWER BOUNDARY,Resolve boiling-range evidence only if a credible application can accept the reported fire/hazard evidence.,CF026_nist,CF026_supplier,44-46 °C (lit.),closed cup; test standard not specified,C5H8,96%,Not located,Located; not extracted
CF027,2-Pentyne,627-21-4,Hydrocarbon,UNKNOWN,54.95,56.75,-31,EQ,GHS Flam. Liq. 2,UNKNOWN,UPPER BOUNDARY,Resolve boiling-range evidence only if a credible application can accept the reported fire/hazard evidence.,CF027_nist,CF027_supplier,56-57 °C (lit.),closed cup; test standard not specified,C5H8,98%,Not located,Located; not extracted
CF028,"2,3-Dimethyl-1-butene",563-78-0,Hydrocarbon,FAIL,55.25,56.45,-18,EQ,GHS Flam. Liq. 2,FAIL,,Exclude from this normal-boiling profile; any pressure/profile change requires a separate screen.,CF028_nist,CF028_supplier,56 °C (lit.),closed cup; test standard not specified,C6H12,97%,Not located,Located; not extracted
CF029,"1,1-Dichloroethane",75-34-3,Chlorinated alkane,FAIL,56.85,57.85,-10,EQ,GHS Flam. Liq. 2,FAIL,,Exclude from this normal-boiling profile; any pressure/profile change requires a separate screen.,CF029_nist,CF029_supplier,Not retrieved,closed cup; test standard not specified,C2H4Cl2,Not retrieved,Full 45–55°C range,Located; not extracted
CF030,Dichloromethane,75-09-2,Chlorinated alkane,FAIL,38.85,40.85,,UNKNOWN,UNKNOWN,FAIL,FLASH VALUE NOT REPORTED; NO FLASH VALUE IS NOT A SAFETY PASS; GHS NOT RETRIEVED,Exclude from this normal-boiling profile; any pressure/profile change requires a separate screen.,CF030_nist,UNKNOWN,Not retrieved,UNKNOWN,CH2Cl2,Not retrieved,Other / partial range,Located; not extracted
CF031,"cis-1,2-Dichloroethylene",156-59-2,Chlorinated alkene,FAIL,57.85,61.85,6,EQ,GHS Flam. Liq. 2,FAIL,CIS TRANS IDENTITY CONTROL; FLASH ABOVE ZERO OUTSIDE BOILING WINDOW,Exclude from this normal-boiling profile; any pressure/profile change requires a separate screen.,CF031_nist,CF031_supplier,60 °C (lit.),closed cup; test standard not specified,C2H2Cl2,Not retrieved,Full 45–55°C range,Located; not extracted
CF032,"2,3-Dimethylbutane",79-29-8,Hydrocarbon,FAIL,57.85,58.25,-29,EQ,GHS Flam. Liq. 2,FAIL,,Exclude from this normal-boiling profile; any pressure/profile change requires a separate screen.,CF032_nist,CF032_supplier,58 °C (lit.),closed cup; test standard not specified,C6H14,98%,Full 45–55°C range,Located; not extracted
